condition,condition_label,N,MT_single,TPe_single,ER_single,MT_included,TPe_included,MT_omission_reason,TPe_omission_reason
width_wide,Wide-width A1000 W50 ID20 / C1,1,1.194,16.63035773127846,100.0,True,True,included,included
width_wide,Wide-width A1000 W50 ID20 / C1,2,0.98,14.653127892741228,100.0,True,True,included,included
width_wide,Wide-width A1000 W50 ID20 / C1,3,1.301,21.002229160170156,100.0,True,True,included,included
width_wide,Wide-width A1000 W50 ID20 / C1,4,0.718,138.35309248767425,0.0,True,True,included,included
width_wide,Wide-width A1000 W50 ID20 / C1,5,,,0.0,False,False,mt_outlier,mt_outlier
width_wide,Wide-width A1000 W50 ID20 / C1,6,0.719,28.48243959499198,100.0,True,True,included,included
width_wide,Wide-width A1000 W50 ID20 / C1,7,0.952,45.55623788217228,0.0,True,True,included,included
width_wide,Wide-width A1000 W50 ID20 / C1,8,0.754,24.030100062850597,100.0,True,True,included,included
width_wide,Wide-width A1000 W50 ID20 / C1,9,0.79,51.33093893170154,0.0,True,True,included,included
width_wide,Wide-width A1000 W50 ID20 / C1,10,0.73,34.60755444744173,0.0,True,True,included,included
width_wide,Wide-width A1000 W50 ID20 / C1,11,0.784,38.077796859231555,0.0,True,True,included,included
width_wide,Wide-width A1000 W50 ID20 / C1,12,0.845,25.655417801384406,100.0,True,True,included,included
width_wide,Wide-width A1000 W50 ID20 / C1,13,0.685,22.030581906970035,100.0,True,True,included,included
width_wide,Wide-width A1000 W50 ID20 / C1,14,0.728,110.76869087930484,0.0,True,True,included,included
width_wide,Wide-width A1000 W50 ID20 / C1,15,,,100.0,False,False,not_performance_trial,not_performance_trial
width_wide,Wide-width A1000 W50 ID20 / C1,16,0.671,39.199929458153655,0.0,True,True,included,included
width_wide,Wide-width A1000 W50 ID20 / C1,17,0.743,64.49555566479515,0.0,True,True,included,included
width_wide,Wide-width A1000 W50 ID20 / C1,18,0.722,24.769085716405648,100.0,True,True,included,included
width_wide,Wide-width A1000 W50 ID20 / C1,19,0.673,29.847553371239805,100.0,True,True,included,included
width_wide,Wide-width A1000 W50 ID20 / C1,20,0.653,57.42583506476086,0.0,True,True,included,included
width_wide,Wide-width A1000 W50 ID20 / C1,21,0.996,58.5512489883646,0.0,True,True,included,included
width_wide,Wide-width A1000 W50 ID20 / C1,22,0.755,27.168611320765876,100.0,True,True,included,included
width_wide,Wide-width A1000 W50 ID20 / C1,23,0.842,40.146291236683716,0.0,True,True,included,included
width_wide,Wide-width A1000 W50 ID20 / C1,24,0.765,27.644002021772486,100.0,True,True,included,included
width_wide,Wide-width A1000 W50 ID20 / C1,25,0.821,66.42157736191926,100.0,True,True,included,included
width_wide,Wide-width A1000 W50 ID20 / C1,26,0.73,40.23384549748739,0.0,True,True,included,included
width_wide,Wide-width A1000 W50 ID20 / C1,27,0.78,80.19408647534095,0.0,True,True,included,included
width_wide,Wide-width A1000 W50 ID20 / C1,28,0.947,24.788256538614203,100.0,True,True,included,included
width_wide,Wide-width A1000 W50 ID20 / C1,29,0.778,56.838692714580844,0.0,True,True,included,included
width_wide,Wide-width A1000 W50 ID20 / C1,30,0.712,61.69900866129242,0.0,True,True,included,included
width_wide,Wide-width A1000 W50 ID20 / C1,31,0.74,23.63540369730024,100.0,True,True,included,included
width_wide,Wide-width A1000 W50 ID20 / C1,32,0.691,157.87865431532646,0.0,True,True,included,included
width_wide,Wide-width A1000 W50 ID20 / C1,33,0.769,29.794868351099332,100.0,True,True,included,included
width_wide,Wide-width A1000 W50 ID20 / C1,34,0.671,90.61324078993117,0.0,True,True,included,included
width_wide,Wide-width A1000 W50 ID20 / C1,35,1.343,33.30963972128701,0.0,True,True,included,included
width_wide,Wide-width A1000 W50 ID20 / C1,36,,,100.0,False,False,not_performance_trial,not_performance_trial
width_wide,Wide-width A1000 W50 ID20 / C1,37,1.088,27.121697641629382,0.0,True,True,included,included
width_wide,Wide-width A1000 W50 ID20 / C1,38,,,100.0,False,False,not_performance_trial,not_performance_trial
width_wide,Wide-width A1000 W50 ID20 / C1,39,1.027,48.67008936509445,0.0,True,True,included,included
width_wide,Wide-width A1000 W50 ID20 / C1,40,0.636,47.68303947662072,100.0,True,True,included,included
width_wide,Wide-width A1000 W50 ID20 / C1,41,0.831,15.292102406922686,100.0,True,True,included,included
width_wide,Wide-width A1000 W50 ID20 / C1,42,1.076,24.71520142307952,0.0,True,True,included,included
width_wide,Wide-width A1000 W50 ID20 / C1,43,0.785,25.86960319715016,100.0,True,True,included,included
width_wide,Wide-width A1000 W50 ID20 / C1,44,0.982,39.960444627743655,100.0,True,True,included,included
width_wide,Wide-width A1000 W50 ID20 / C1,45,0.758,49.04312605249268,0.0,True,True,included,included
width_wide,Wide-width A1000 W50 ID20 / C1,46,0.894,66.21409743051755,0.0,True,True,included,included
width_wide,Wide-width A1000 W50 ID20 / C1,47,0.702,95.64304070018409,0.0,True,True,included,included
width_wide,Wide-width A1000 W50 ID20 / C1,48,0.834,25.46948846969566,100.0,True,True,included,included
width_wide,Wide-width A1000 W50 ID20 / C1,49,0.68,28.380144386309,100.0,True,True,included,included
width_wide,Wide-width A1000 W50 ID20 / C1,50,,,100.0,False,False,not_performance_trial,not_performance_trial
width_wide,Wide-width A1000 W50 ID20 / C1,51,,,100.0,False,False,not_performance_trial,not_performance_trial
width_wide,Wide-width A1000 W50 ID20 / C1,52,0.708,17.163642679960795,100.0,True,True,included,included
width_wide,Wide-width A1000 W50 ID20 / C1,53,1.009,17.828051178837658,0.0,True,True,included,included
width_wide,Wide-width A1000 W50 ID20 / C1,54,1.012,20.58002965789062,100.0,True,True,included,included
width_wide,Wide-width A1000 W50 ID20 / C1,55,1.051,102.37946499768714,0.0,True,True,included,included
width_wide,Wide-width A1000 W50 ID20 / C1,56,0.792,24.841480620156787,100.0,True,True,included,included
width_wide,Wide-width A1000 W50 ID20 / C1,57,1.03,36.548212223370875,0.0,True,True,included,included
width_wide,Wide-width A1000 W50 ID20 / C1,58,0.742,42.9795126667094,100.0,True,True,included,included
width_wide,Wide-width A1000 W50 ID20 / C1,59,1.103,75.08601352357927,0.0,True,True,included,included
width_wide,Wide-width A1000 W50 ID20 / C1,60,1.209,45.717932005758904,0.0,True,True,included,included
width_wide,Wide-width A1000 W50 ID20 / C1,61,0.99,28.82860649295396,0.0,True,True,included,included
width_wide,Wide-width A1000 W50 ID20 / C1,62,0.876,28.975388784364085,100.0,True,True,included,included
width_wide,Wide-width A1000 W50 ID20 / C1,63,0.77,82.81851995624183,0.0,True,True,included,included
width_wide,Wide-width A1000 W50 ID20 / C1,64,0.87,61.04848582597863,0.0,True,True,included,included
width_wide,Wide-width A1000 W50 ID20 / C1,65,1.026,12.931779599588994,100.0,True,True,included,included
width_wide,Wide-width A1000 W50 ID20 / C1,66,1.17,14.783118230373976,100.0,True,True,included,included
width_wide,Wide-width A1000 W50 ID20 / C1,67,,,100.0,False,False,not_performance_trial,not_performance_trial
width_wide,Wide-width A1000 W50 ID20 / C1,68,0.616,72.75456574899933,0.0,True,True,included,included
width_wide,Wide-width A1000 W50 ID20 / C1,69,0.662,35.839212000049,100.0,True,True,included,included
width_wide,Wide-width A1000 W50 ID20 / C1,70,0.795,39.5601310609688,100.0,True,True,included,included
width_wide,Wide-width A1000 W50 ID20 / C1,71,,,100.0,False,False,not_performance_trial,not_performance_trial
width_wide,Wide-width A1000 W50 ID20 / C1,72,1.107,6.830597888744524,100.0,True,True,included,included
width_wide,Wide-width A1000 W50 ID20 / C1,73,1.151,3.0674272193067194,100.0,True,True,included,included
width_wide,Wide-width A1000 W50 ID20 / C1,74,,,100.0,False,False,mt_outlier,mt_outlier
width_wide,Wide-width A1000 W50 ID20 / C1,75,1.06,22.610680207465858,0.0,True,True,included,included
width_wide,Wide-width A1000 W50 ID20 / C1,76,1.0,21.77218167937318,100.0,True,True,included,included
width_wide,Wide-width A1000 W50 ID20 / C1,77,0.973,35.0004526123772,0.0,True,True,included,included
width_wide,Wide-width A1000 W50 ID20 / C1,78,0.78,18.416641114551087,100.0,True,True,included,included
width_wide,Wide-width A1000 W50 ID20 / C1,79,,,100.0,False,False,not_performance_trial,not_performance_trial
width_wide,Wide-width A1000 W50 ID20 / C1,80,0.74,34.55757363661113,0.0,True,True,included,included
width_wide,Wide-width A1000 W50 ID20 / C1,81,0.89,36.843309865695076,0.0,True,True,included,included
width_wide,Wide-width A1000 W50 ID20 / C1,82,1.013,52.39585549869649,0.0,True,True,included,included
width_wide,Wide-width A1000 W50 ID20 / C1,83,,,100.0,False,False,not_performance_trial,not_performance_trial
width_wide,Wide-width A1000 W50 ID20 / C1,84,1.045,12.747250860390778,0.0,True,True,included,included
width_wide,Wide-width A1000 W50 ID20 / C1,85,0.859,61.50552638171165,0.0,True,True,included,included
width_wide,Wide-width A1000 W50 ID20 / C1,86,1.018,22.5590257108198,0.0,True,True,included,included
width_wide,Wide-width A1000 W50 ID20 / C1,87,0.957,96.26045308129787,0.0,True,True,included,included
width_wide,Wide-width A1000 W50 ID20 / C1,88,1.044,51.80525024134843,0.0,True,True,included,included
width_wide,Wide-width A1000 W50 ID20 / C1,89,0.813,64.14750820030979,0.0,True,True,included,included
width_wide,Wide-width A1000 W50 ID20 / C1,90,0.936,71.67841763844817,0.0,True,True,included,included
width_wide,Wide-width A1000 W50 ID20 / C1,91,1.401,15.482449466788317,0.0,True,True,included,included
width_wide,Wide-width A1000 W50 ID20 / C1,92,0.921,13.068080686975149,100.0,True,True,included,included
width_wide,Wide-width A1000 W50 ID20 / C1,93,,,100.0,False,False,not_performance_trial,not_performance_trial
width_wide,Wide-width A1000 W50 ID20 / C1,94,0.717,48.92769381490553,0.0,True,True,included,included
width_wide,Wide-width A1000 W50 ID20 / C1,95,0.747,78.62254454732113,100.0,True,True,included,included
width_wide,Wide-width A1000 W50 ID20 / C1,96,0.696,117.17302224633622,0.0,True,True,included,included
width_wide,Wide-width A1000 W50 ID20 / C1,97,0.791,63.792383442212916,0.0,True,True,included,included
width_wide,Wide-width A1000 W50 ID20 / C1,98,0.709,29.723973882188236,100.0,True,True,included,included
width_wide,Wide-width A1000 W50 ID20 / C1,99,0.882,38.88089531333688,0.0,True,True,included,included
width_wide,Wide-width A1000 W50 ID20 / C1,100,,,100.0,False,False,not_performance_trial,not_performance_trial
width_wide,Wide-width A1000 W50 ID20 / C1,101,0.812,28.539215764971246,0.0,True,True,included,included
width_wide,Wide-width A1000 W50 ID20 / C1,102,0.786,74.75077846189625,0.0,True,True,included,included
width_wide,Wide-width A1000 W50 ID20 / C1,103,0.968,12.623121160901624,100.0,True,True,included,included
width_wide,Wide-width A1000 W50 ID20 / C1,104,0.724,13.424647492988159,100.0,True,True,included,included
width_wide,Wide-width A1000 W50 ID20 / C1,105,0.725,39.54762573134477,0.0,True,True,included,included
width_wide,Wide-width A1000 W50 ID20 / C1,106,1.123,18.589774536345754,0.0,True,True,included,included
width_wide,Wide-width A1000 W50 ID20 / C1,107,1.131,35.79786642214096,0.0,True,True,included,included
width_wide,Wide-width A1000 W50 ID20 / C1,108,0.835,62.0699777443637,0.0,True,True,included,included
width_wide,Wide-width A1000 W50 ID20 / C1,109,0.771,82.86700718274996,0.0,True,True,included,included
width_wide,Wide-width A1000 W50 ID20 / C1,110,0.697,39.98858465235805,100.0,True,True,included,included
width_wide,Wide-width A1000 W50 ID20 / C1,111,0.88,16.142084304443753,100.0,True,True,included,included
width_wide,Wide-width A1000 W50 ID20 / C1,112,0.832,64.40227897947271,100.0,True,True,included,included
width_wide,Wide-width A1000 W50 ID20 / C1,113,0.882,31.023173447349258,0.0,True,True,included,included
width_wide,Wide-width A1000 W50 ID20 / C1,114,0.81,27.27883378707437,100.0,True,True,included,included
width_wide,Wide-width A1000 W50 ID20 / C1,115,0.775,28.20458595220168,100.0,True,True,included,included
width_wide,Wide-width A1000 W50 ID20 / C1,116,0.764,20.19828330260279,100.0,True,True,included,included
width_wide,Wide-width A1000 W50 ID20 / C1,117,0.737,41.083537634466886,0.0,True,True,included,included
width_wide,Wide-width A1000 W50 ID20 / C1,118,0.73,33.22134312165829,100.0,True,True,included,included
width_wide,Wide-width A1000 W50 ID20 / C1,119,1.005,39.48025615778398,0.0,True,True,included,included
width_wide,Wide-width A1000 W50 ID20 / C1,120,,,100.0,False,False,not_performance_trial,not_performance_trial
width_wide,Wide-width A1000 W50 ID20 / C1,121,,,100.0,False,False,mt_outlier,mt_outlier
width_wide,Wide-width A1000 W50 ID20 / C1,122,0.802,55.55135541381985,0.0,True,True,included,included
width_wide,Wide-width A1000 W50 ID20 / C1,123,0.708,54.09419863399979,100.0,True,True,included,included
width_wide,Wide-width A1000 W50 ID20 / C1,124,0.722,25.254724062472558,100.0,True,True,included,included
width_wide,Wide-width A1000 W50 ID20 / C1,125,0.664,43.701939085166224,100.0,True,True,included,included
width_wide,Wide-width A1000 W50 ID20 / C1,126,0.8,57.09598228792166,0.0,True,True,included,included
width_wide,Wide-width A1000 W50 ID20 / C1,127,0.699,94.42738133993403,0.0,True,True,included,included
width_wide,Wide-width A1000 W50 ID20 / C1,128,0.762,35.38790725207704,100.0,True,True,included,included
width_wide,Wide-width A1000 W50 ID20 / C1,129,0.647,80.50777480402604,0.0,True,True,included,included
width_wide,Wide-width A1000 W50 ID20 / C1,130,0.533,23.218990647107315,100.0,True,True,included,included
width_wide,Wide-width A1000 W50 ID20 / C1,131,0.676,67.23906230339794,0.0,True,True,included,included
width_wide,Wide-width A1000 W50 ID20 / C1,132,0.569,37.57488223604186,100.0,True,True,included,included
width_wide,Wide-width A1000 W50 ID20 / C1,133,0.596,36.47882297721524,0.0,True,True,included,included
width_wide,Wide-width A1000 W50 ID20 / C1,134,0.757,48.06488662770699,0.0,True,True,included,included
width_wide,Wide-width A1000 W50 ID20 / C1,135,0.828,22.425667552384972,100.0,True,True,included,included
width_wide,Wide-width A1000 W50 ID20 / C1,136,0.727,56.64218880033873,0.0,True,True,included,included
width_wide,Wide-width A1000 W50 ID20 / C1,137,0.884,9.494764619436294,100.0,True,True,included,included
width_wide,Wide-width A1000 W50 ID20 / C1,138,0.778,22.222339147044345,100.0,True,True,included,included
width_wide,Wide-width A1000 W50 ID20 / C1,139,0.846,19.465997686120698,100.0,True,True,included,included
width_wide,Wide-width A1000 W50 ID20 / C1,140,0.55,70.40071257883437,0.0,True,True,included,included
width_wide,Wide-width A1000 W50 ID20 / C1,141,0.683,58.83679418895828,0.0,True,True,included,included
width_wide,Wide-width A1000 W50 ID20 / C1,142,0.762,54.38161738748612,0.0,True,True,included,included
width_wide,Wide-width A1000 W50 ID20 / C1,143,0.725,44.34263727516087,100.0,True,True,included,included
width_wide,Wide-width A1000 W50 ID20 / C1,144,0.691,51.75342111337422,0.0,True,True,included,included
width_wide,Wide-width A1000 W50 ID20 / C1,145,0.657,43.188816764525434,100.0,True,True,included,included
width_wide,Wide-width A1000 W50 ID20 / C1,146,0.769,9.511282880582355,100.0,True,True,included,included
width_wide,Wide-width A1000 W50 ID20 / C1,147,0.752,33.789845828488396,100.0,True,True,included,included
width_wide,Wide-width A1000 W50 ID20 / C1,148,,,100.0,False,False,not_performance_trial,not_performance_trial
width_wide,Wide-width A1000 W50 ID20 / C1,149,0.68,52.735192011777684,100.0,True,True,included,included
width_wide,Wide-width A1000 W50 ID20 / C1,150,0.812,24.827166763340887,100.0,True,True,included,included
width_wide,Wide-width A1000 W50 ID20 / C1,151,0.675,27.62609985238432,0.0,True,True,included,included
width_wide,Wide-width A1000 W50 ID20 / C1,152,0.715,62.28025642513605,0.0,True,True,included,included
width_wide,Wide-width A1000 W50 ID20 / C1,153,0.765,19.05027928044231,100.0,True,True,included,included
width_wide,Wide-width A1000 W50 ID20 / C1,154,0.646,42.47359778624152,100.0,True,True,included,included
width_wide,Wide-width A1000 W50 ID20 / C1,155,0.922,7.311560899988827,100.0,True,True,included,included
width_wide,Wide-width A1000 W50 ID20 / C1,156,0.628,27.4163728723391,100.0,True,True,included,included
width_wide,Wide-width A1000 W50 ID20 / C1,157,0.776,103.76217846264434,0.0,True,True,included,included
width_wide,Wide-width A1000 W50 ID20 / C1,158,0.896,28.909704892694762,0.0,True,True,included,included
width_wide,Wide-width A1000 W50 ID20 / C1,159,,,100.0,False,False,not_performance_trial,not_performance_trial
width_wide,Wide-width A1000 W50 ID20 / C1,160,0.707,85.56213535568354,0.0,True,True,included,included
width_wide,Wide-width A1000 W50 ID20 / C1,161,0.69,35.50247363125016,100.0,True,True,included,included
width_wide,Wide-width A1000 W50 ID20 / C1,162,0.71,34.66468610449531,0.0,True,True,included,included
width_wide,Wide-width A1000 W50 ID20 / C1,163,0.743,93.03521940290656,0.0,True,True,included,included
width_wide,Wide-width A1000 W50 ID20 / C1,164,0.783,28.358488217942078,100.0,True,True,included,included
width_wide,Wide-width A1000 W50 ID20 / C1,165,0.747,32.52483732695383,0.0,True,True,included,included
width_wide,Wide-width A1000 W50 ID20 / C1,166,0.739,36.021717825094406,100.0,True,True,included,included
width_wide,Wide-width A1000 W50 ID20 / C1,167,,,100.0,False,False,not_performance_trial,not_performance_trial
width_wide,Wide-width A1000 W50 ID20 / C1,168,0.511,102.07508986615922,0.0,True,True,included,included
width_wide,Wide-width A1000 W50 ID20 / C1,169,0.987,43.54299551353048,0.0,True,True,included,included
width_wide,Wide-width A1000 W50 ID20 / C1,170,0.778,15.107218367788729,100.0,True,True,included,included
width_wide,Wide-width A1000 W50 ID20 / C1,171,0.673,55.85299698843698,0.0,True,True,included,included
width_wide,Wide-width A1000 W50 ID20 / C1,172,0.907,17.60705668484324,100.0,True,True,included,included
width_wide,Wide-width A1000 W50 ID20 / C1,173,0.629,30.776756991576576,100.0,True,True,included,included
width_wide,Wide-width A1000 W50 ID20 / C1,174,0.758,24.757526133605065,100.0,True,True,included,included
width_wide,Wide-width A1000 W50 ID20 / C1,175,,,100.0,False,False,not_performance_trial,not_performance_trial
width_wide,Wide-width A1000 W50 ID20 / C1,176,0.839,32.708646833115196,100.0,True,True,included,included
width_wide,Wide-width A1000 W50 ID20 / C1,177,0.606,30.244464396517373,100.0,True,True,included,included
width_wide,Wide-width A1000 W50 ID20 / C1,178,0.554,69.14849014258954,0.0,True,True,included,included
width_wide,Wide-width A1000 W50 ID20 / C1,179,0.566,70.89494292769758,0.0,True,True,included,included
width_wide,Wide-width A1000 W50 ID20 / C1,180,,,100.0,False,False,not_performance_trial,not_performance_trial
width_wide,Wide-width A1000 W50 ID20 / C1,181,0.525,39.801963639044295,0.0,True,True,included,included
width_wide,Wide-width A1000 W50 ID20 / C1,182,,,100.0,False,False,not_performance_trial,not_performance_trial
width_wide,Wide-width A1000 W50 ID20 / C1,183,0.773,31.58333319840871,0.0,True,True,included,included
width_wide,Wide-width A1000 W50 ID20 / C1,184,0.577,39.63560609154618,100.0,True,True,included,included
width_wide,Wide-width A1000 W50 ID20 / C1,185,,,100.0,False,False,not_performance_trial,not_performance_trial
width_wide,Wide-width A1000 W50 ID20 / C1,186,0.832,39.16706472531788,0.0,True,True,included,included
width_wide,Wide-width A1000 W50 ID20 / C1,187,,,100.0,False,False,not_performance_trial,not_performance_trial
width_wide,Wide-width A1000 W50 ID20 / C1,188,,,100.0,False,False,not_performance_trial,not_performance_trial
width_wide,Wide-width A1000 W50 ID20 / C1,189,0.633,144.47774342367174,0.0,True,True,included,included
width_wide,Wide-width A1000 W50 ID20 / C1,190,,,100.0,False,False,not_performance_trial,not_performance_trial
width_wide,Wide-width A1000 W50 ID20 / C1,191,0.723,28.174954535144007,100.0,True,True,included,included
width_wide,Wide-width A1000 W50 ID20 / C1,192,0.871,35.701608026653304,0.0,True,True,included,included
width_wide,Wide-width A1000 W50 ID20 / C1,193,0.805,52.843967512185806,100.0,True,True,included,included
width_wide,Wide-width A1000 W50 ID20 / C1,194,0.69,79.93417314206704,0.0,True,True,included,included
width_wide,Wide-width A1000 W50 ID20 / C1,195,0.819,56.16689565372034,0.0,True,True,included,included
width_wide,Wide-width A1000 W50 ID20 / C1,196,0.765,31.78649168942896,0.0,True,True,included,included
width_wide,Wide-width A1000 W50 ID20 / C1,197,,,100.0,False,False,not_performance_trial,not_performance_trial
width_wide,Wide-width A1000 W50 ID20 / C1,198,0.71,33.565040387459945,100.0,True,True,included,included
width_wide,Wide-width A1000 W50 ID20 / C1,199,0.589,48.972559002352405,0.0,True,True,included,included
width_wide,Wide-width A1000 W50 ID20 / C1,200,0.617,54.33529932304411,0.0,True,True,included,included
width_wide,Wide-width A1000 W50 ID20 / C1,201,0.7,73.51881595648796,100.0,True,True,included,included
width_wide,Wide-width A1000 W50 ID20 / C1,202,0.616,39.80107040843024,100.0,True,True,included,included
width_wide,Wide-width A1000 W50 ID20 / C1,203,0.615,79.21481693840315,0.0,True,True,included,included
width_wide,Wide-width A1000 W50 ID20 / C1,204,0.667,15.990203319293972,100.0,True,True,included,included
width_wide,Wide-width A1000 W50 ID20 / C1,205,0.701,70.61277923454938,100.0,True,True,included,included
width_wide,Wide-width A1000 W50 ID20 / C1,206,0.973,27.635208822343515,0.0,True,True,included,included
width_wide,Wide-width A1000 W50 ID20 / C1,207,0.69,27.312601550191065,100.0,True,True,included,included
width_wide,Wide-width A1000 W50 ID20 / C1,208,0.772,83.08511804906617,0.0,True,True,included,included
width_wide,Wide-width A1000 W50 ID20 / C1,209,0.773,43.66916517859513,0.0,True,True,included,included
width_wide,Wide-width A1000 W50 ID20 / C1,210,0.74,83.18991339391575,100.0,True,True,included,included
width_wide,Wide-width A1000 W50 ID20 / C1,211,0.676,50.05853727416287,0.0,True,True,included,included
width_wide,Wide-width A1000 W50 ID20 / C1,212,0.665,130.00275972555002,0.0,True,True,included,included
width_wide,Wide-width A1000 W50 ID20 / C1,213,0.755,67.36120837970883,0.0,True,True,included,included
width_wide,Wide-width A1000 W50 ID20 / C1,214,0.678,78.24354584439723,0.0,True,True,included,included
width_wide,Wide-width A1000 W50 ID20 / C1,215,0.689,79.35764348572874,0.0,True,True,included,included
width_wide,Wide-width A1000 W50 ID20 / C1,216,0.662,63.75131804350036,0.0,True,True,included,included
width_wide,Wide-width A1000 W50 ID20 / C1,217,0.732,50.793951580395714,0.0,True,True,included,included
width_wide,Wide-width A1000 W50 ID20 / C1,218,0.675,60.67904803695741,0.0,True,True,included,included
width_wide,Wide-width A1000 W50 ID20 / C1,219,0.787,34.031958878970386,100.0,True,True,included,included
width_wide,Wide-width A1000 W50 ID20 / C1,220,0.66,41.30013486382806,0.0,True,True,included,included
width_wide,Wide-width A1000 W50 ID20 / C1,221,0.745,36.049839197005305,0.0,True,True,included,included
width_wide,Wide-width A1000 W50 ID20 / C1,222,0.66,35.80967053843414,100.0,True,True,included,included
width_wide,Wide-width A1000 W50 ID20 / C1,223,,,100.0,False,False,not_performance_trial,not_performance_trial
width_wide,Wide-width A1000 W50 ID20 / C1,224,0.669,41.18374350300097,100.0,True,True,included,included
width_wide,Wide-width A1000 W50 ID20 / C1,225,0.806,38.13370245268329,0.0,True,True,included,included
width_wide,Wide-width A1000 W50 ID20 / C1,226,1.096,18.007714465686057,100.0,True,True,included,included
width_wide,Wide-width A1000 W50 ID20 / C1,227,0.731,17.835839202720855,100.0,True,True,included,included
width_wide,Wide-width A1000 W50 ID20 / C1,228,0.661,20.67837513091942,100.0,True,True,included,included
width_wide,Wide-width A1000 W50 ID20 / C1,229,,,100.0,False,False,not_performance_trial,not_performance_trial
width_wide,Wide-width A1000 W50 ID20 / C1,230,0.481,70.27420972657693,0.0,True,True,included,included
width_wide,Wide-width A1000 W50 ID20 / C1,231,,,100.0,False,False,not_performance_trial,not_performance_trial
width_wide,Wide-width A1000 W50 ID20 / C1,232,,,100.0,False,False,not_performance_trial,not_performance_trial
width_wide,Wide-width A1000 W50 ID20 / C1,233,0.485,52.608867292367286,0.0,True,True,included,included
width_wide,Wide-width A1000 W50 ID20 / C1,234,,,100.0,False,False,not_performance_trial,not_performance_trial
width_wide,Wide-width A1000 W50 ID20 / C1,235,,,100.0,False,False,not_performance_trial,not_performance_trial
width_wide,Wide-width A1000 W50 ID20 / C1,236,,,100.0,False,False,not_performance_trial,not_performance_trial
width_wide,Wide-width A1000 W50 ID20 / C1,237,,,100.0,False,False,not_performance_trial,not_performance_trial
width_wide,Wide-width A1000 W50 ID20 / C1,238,0.532,98.23718994864063,0.0,True,True,included,included
width_wide,Wide-width A1000 W50 ID20 / C1,239,0.608,21.330192594227608,100.0,True,True,included,included
width_wide,Wide-width A1000 W50 ID20 / C1,240,0.493,55.47243071074562,0.0,True,True,included,included
width_wide,Wide-width A1000 W50 ID20 / C1,241,,,100.0,False,False,not_performance_trial,not_performance_trial
width_wide,Wide-width A1000 W50 ID20 / C1,242,0.551,53.10955811432564,100.0,True,True,included,included
width_wide,Wide-width A1000 W50 ID20 / C1,243,0.45,49.35107830798043,0.0,True,True,included,included
width_wide,Wide-width A1000 W50 ID20 / C1,244,0.412,190.29205651746034,0.0,True,True,included,included
width_wide,Wide-width A1000 W50 ID20 / C1,245,0.629,59.952498073715994,0.0,True,True,included,included
width_wide,Wide-width A1000 W50 ID20 / C1,246,,,100.0,False,False,not_performance_trial,not_performance_trial
width_wide,Wide-width A1000 W50 ID20 / C1,247,,,100.0,False,False,not_performance_trial,not_performance_trial
width_wide,Wide-width A1000 W50 ID20 / C1,248,,,100.0,False,False,not_performance_trial,not_performance_trial
width_wide,Wide-width A1000 W50 ID20 / C1,249,,,100.0,False,False,not_performance_trial,not_performance_trial
width_wide,Wide-width A1000 W50 ID20 / C1,250,0.73,51.874595559841985,100.0,True,True,included,included
width_wide,Wide-width A1000 W50 ID20 / C1,251,0.497,49.894144151898054,0.0,True,True,included,included
width_wide,Wide-width A1000 W50 ID20 / C1,252,0.603,31.78182934651139,100.0,True,True,included,included
width_wide,Wide-width A1000 W50 ID20 / C1,253,0.675,48.25758261731562,0.0,True,True,included,included
width_wide,Wide-width A1000 W50 ID20 / C1,254,0.521,99.26163549841877,0.0,True,True,included,included
width_wide,Wide-width A1000 W50 ID20 / C1,255,0.838,31.35618392102557,0.0,True,True,included,included
width_wide,Wide-width A1000 W50 ID20 / C1,256,0.473,97.29537367752079,0.0,True,True,included,included
width_wide,Wide-width A1000 W50 ID20 / C1,257,,,100.0,False,False,not_performance_trial,not_performance_trial
width_wide,Wide-width A1000 W50 ID20 / C1,258,,,100.0,False,False,not_performance_trial,not_performance_trial
width_wide,Wide-width A1000 W50 ID20 / C1,259,0.319,80.95517539268357,100.0,True,True,included,included
width_wide,Wide-width A1000 W50 ID20 / C1,260,,,100.0,False,False,not_performance_trial,not_performance_trial
width_wide,Wide-width A1000 W50 ID20 / C1,261,,,100.0,False,False,not_performance_trial,not_performance_trial
width_wide,Wide-width A1000 W50 ID20 / C1,262,0.312,102.59422578634762,0.0,True,True,included,included
width_wide,Wide-width A1000 W50 ID20 / C1,263,0.294,78.27135065617536,100.0,True,True,included,included
width_wide,Wide-width A1000 W50 ID20 / C1,264,0.338,125.32843696863495,0.0,True,True,included,included
width_wide,Wide-width A1000 W50 ID20 / C1,265,,,100.0,False,False,not_performance_trial,not_performance_trial
width_wide,Wide-width A1000 W50 ID20 / C1,266,0.293,107.95156202651289,100.0,True,True,included,included
width_wide,Wide-width A1000 W50 ID20 / C1,267,0.417,48.69234709594155,0.0,True,True,included,included
width_wide,Wide-width A1000 W50 ID20 / C1,268,0.306,95.98613502585907,100.0,True,True,included,included
width_wide,Wide-width A1000 W50 ID20 / C1,269,,,100.0,False,False,not_performance_trial,not_performance_trial
width_wide,Wide-width A1000 W50 ID20 / C1,270,,,100.0,False,False,not_performance_trial,not_performance_trial
width_wide,Wide-width A1000 W50 ID20 / C1,271,0.816,5.582165649467194,100.0,True,True,included,included
width_wide,Wide-width A1000 W50 ID20 / C1,272,0.532,43.13250421197652,100.0,True,True,included,included
width_wide,Wide-width A1000 W50 ID20 / C1,273,0.505,37.684043078249694,100.0,True,True,included,included
width_wide,Wide-width A1000 W50 ID20 / C1,274,0.475,38.17456760129068,100.0,True,True,included,included
width_wide,Wide-width A1000 W50 ID20 / C1,275,,,100.0,False,False,not_performance_trial,not_performance_trial
width_wide,Wide-width A1000 W50 ID20 / C1,276,0.82,15.449020976697817,100.0,True,True,included,included
width_wide,Wide-width A1000 W50 ID20 / C1,277,0.595,49.87620091633847,100.0,True,True,included,included
width_wide,Wide-width A1000 W50 ID20 / C1,278,0.573,50.7606988912146,100.0,True,True,included,included
width_wide,Wide-width A1000 W50 ID20 / C1,279,,,100.0,False,False,not_performance_trial,not_performance_trial
width_wide,Wide-width A1000 W50 ID20 / C1,280,,,100.0,False,False,not_performance_trial,not_performance_trial
width_wide,Wide-width A1000 W50 ID20 / C1,281,0.565,58.53761514646839,0.0,True,True,included,included
width_wide,Wide-width A1000 W50 ID20 / C1,282,0.55,41.89534004591948,100.0,True,True,included,included
width_wide,Wide-width A1000 W50 ID20 / C1,283,,,100.0,False,False,not_performance_trial,not_performance_trial
width_wide,Wide-width A1000 W50 ID20 / C1,284,0.601,18.305185429604755,100.0,True,True,included,included
width_wide,Wide-width A1000 W50 ID20 / C1,285,,,100.0,False,False,not_performance_trial,not_performance_trial
width_wide,Wide-width A1000 W50 ID20 / C1,286,,,100.0,False,False,not_performance_trial,not_performance_trial
width_wide,Wide-width A1000 W50 ID20 / C1,287,0.642,22.644569509132467,100.0,True,True,included,included
width_wide,Wide-width A1000 W50 ID20 / C1,288,,,100.0,False,False,not_performance_trial,not_performance_trial
width_wide,Wide-width A1000 W50 ID20 / C1,289,0.429,44.5871306903034,100.0,True,True,included,included
width_wide,Wide-width A1000 W50 ID20 / C1,290,0.646,14.949907343587958,100.0,True,True,included,included
width_wide,Wide-width A1000 W50 ID20 / C1,291,0.539,47.477823323935056,0.0,True,True,included,included
width_wide,Wide-width A1000 W50 ID20 / C1,292,0.588,31.332166890379046,100.0,True,True,included,included
width_wide,Wide-width A1000 W50 ID20 / C1,293,0.614,11.523346741341328,100.0,True,True,included,included
width_wide,Wide-width A1000 W50 ID20 / C1,294,0.665,55.64700490460052,100.0,True,True,included,included
width_wide,Wide-width A1000 W50 ID20 / C1,295,0.847,13.121949333974504,100.0,True,True,included,included
width_wide,Wide-width A1000 W50 ID20 / C1,296,,,100.0,False,False,not_performance_trial,not_performance_trial
width_wide,Wide-width A1000 W50 ID20 / C1,297,0.632,33.19005434095204,100.0,True,True,included,included
width_wide,Wide-width A1000 W50 ID20 / C1,298,,,100.0,False,False,not_performance_trial,not_performance_trial
width_wide,Wide-width A1000 W50 ID20 / C1,299,0.592,24.09258948937557,100.0,True,True,included,included
width_wide,Wide-width A1000 W50 ID20 / C1,300,,,100.0,False,False,not_performance_trial,not_performance_trial
width_wide,Wide-width A1000 W50 ID20 / C1,301,0.669,53.16378715520669,100.0,True,True,included,included
width_wide,Wide-width A1000 W50 ID20 / C1,302,0.583,67.4295619080597,0.0,True,True,included,included
width_wide,Wide-width A1000 W50 ID20 / C1,303,0.754,13.687408506625344,100.0,True,True,included,included
width_wide,Wide-width A1000 W50 ID20 / C1,304,0.644,20.242184548884985,100.0,True,True,included,included
width_wide,Wide-width A1000 W50 ID20 / C1,305,0.641,15.837170800748241,100.0,True,True,included,included
width_wide,Wide-width A1000 W50 ID20 / C1,306,0.596,40.19203901027542,100.0,True,True,included,included
width_wide,Wide-width A1000 W50 ID20 / C1,307,,,100.0,False,False,not_performance_trial,not_performance_trial
width_wide,Wide-width A1000 W50 ID20 / C1,308,0.667,26.509891216298126,100.0,True,True,included,included
width_wide,Wide-width A1000 W50 ID20 / C1,309,0.645,42.53663725645511,100.0,True,True,included,included
width_wide,Wide-width A1000 W50 ID20 / C1,310,0.526,62.49504569665295,0.0,True,True,included,included
width_wide,Wide-width A1000 W50 ID20 / C1,311,,,100.0,False,False,not_performance_trial,not_performance_trial
width_wide,Wide-width A1000 W50 ID20 / C1,312,0.7,47.63858752147616,100.0,True,True,included,included
width_wide,Wide-width A1000 W50 ID20 / C1,313,0.653,40.35222862591354,0.0,True,True,included,included
width_wide,Wide-width A1000 W50 ID20 / C1,314,0.471,51.77818110809047,100.0,True,True,included,included
width_wide,Wide-width A1000 W50 ID20 / C1,315,0.694,13.875956967909412,100.0,True,True,included,included
width_wide,Wide-width A1000 W50 ID20 / C1,316,0.609,27.73090261084385,100.0,True,True,included,included
width_wide,Wide-width A1000 W50 ID20 / C1,317,0.523,33.873907931313745,100.0,True,True,included,included
width_wide,Wide-width A1000 W50 ID20 / C1,318,0.595,34.54054968359683,100.0,True,True,included,included
width_wide,Wide-width A1000 W50 ID20 / C1,319,,,100.0,False,False,not_performance_trial,not_performance_trial
width_wide,Wide-width A1000 W50 ID20 / C1,320,1.372,9.421485649076809,100.0,True,True,included,included
width_wide,Wide-width A1000 W50 ID20 / C1,321,1.613,10.865831543472677,100.0,True,True,included,included
width_wide,Wide-width A1000 W50 ID20 / C1,322,1.518,18.06646658168351,100.0,True,True,included,included
width_wide,Wide-width A1000 W50 ID20 / C1,323,,,100.0,False,False,not_performance_trial,not_performance_trial
width_wide,Wide-width A1000 W50 ID20 / C1,324,0.619,30.77869425115084,100.0,True,True,included,included
width_wide,Wide-width A1000 W50 ID20 / C1,325,,,100.0,False,False,not_performance_trial,not_performance_trial
